{
  "schema_version": 1,
  "format": "safetensors",
  "epoch": 9,
  "accuracy": 0.9880139704715034,
  "holdout_accuracy": 0.9880139704715034,
  "loss": 0.08119820681485262,
  "real_samples_processed": 3266560,
  "saved_at": "2026-03-22T22:04:54.910301+00:00"
}
