{
  "accuracy": 0.5,
  "precision": 0.5,
  "recall": 1.0,
  "f1": 0.6666666666666666,
  "auc_roc": 0.7739055555555556,
  "ece": 0.004164579776426156,
  "confusion": [
    [
      0,
      300
    ],
    [
      0,
      300
    ]
  ],
  "n_samples": 600,
  "errors": 0
}