{
  "last_cycle_time": "2026-03-22T10:42:27.348662+00:00",
  "last_new_count": 2,
  "dupes_found": 37454,
  "duplicate_rate": 0.999946604015378,
  "errors": 0,
  "duration_seconds": 192.659,
  "rate_samples_per_min": 0.623
}