{
  "optimal_threshold": 0.9997608065605164,
  "optimal_f1": 0.8571428571428571,
  "auc_roc": 0.8070277777777778,
  "accuracy": 0.8333333333333334,
  "n_samples": 600
}