{
  "best_eval_loss": 0.00010586067037365865,
  "epoch_number": 7,
  "last_training_time": "2026-03-22T07:38:28.497411+00:00",
  "no_improve_count": 0
}